{"submission_name": "qa_all_clarin-knext__plt5-large-poquad__inference", "dataset_name": "qa_all", "dataset_version": "0.0.0", "embedding_name": "clarin-knext/plt5-large-poquad__inference", "hparams": {}, "packages": null, "config": null, "leaderboard_task_name": "Question Answering", "metrics": [{"exact": 61.536723163841806, "f1": 70.82182512679928, "HasAns_exact": 49.96012759170654, "HasAns_f1": 66.3423350024275, "NoAns_f1": 76.68231611893583}], "metrics_avg": {"exact": 61.536723163841806, "f1": 70.82182512679928, "HasAns_exact": 49.96012759170654, "HasAns_f1": 66.3423350024275, "NoAns_f1": 76.68231611893583}, "metrics_std": {"exact": 0.0, "f1": 0.0, "HasAns_exact": 0.0, "HasAns_f1": 0.0, "NoAns_f1": 0.0}, "averaged_over": 1}