{"submission_name": "qa_kpwr_clarin-knext__plt5-large-poquad__inference", "dataset_name": "qa_kpwr", "dataset_version": "0.0.0", "embedding_name": "clarin-knext/plt5-large-poquad__inference", "hparams": {}, "packages": null, "config": null, "leaderboard_task_name": "Question Answering", "metrics": [{"exact": 55.91054313099041, "f1": 69.89556541911504, "HasAns_exact": 52.00777202072539, "HasAns_f1": 69.01805172091834, "NoAns_f1": 73.95209580838323}], "metrics_avg": {"exact": 55.91054313099041, "f1": 69.89556541911504, "HasAns_exact": 52.00777202072539, "HasAns_f1": 69.01805172091834, "NoAns_f1": 73.95209580838323}, "metrics_std": {"exact": 0.0, "f1": 0.0, "HasAns_exact": 0.0, "HasAns_f1": 0.0, "NoAns_f1": 0.0}, "averaged_over": 1}