{"submission_name": "qa_nkjp_clarin-knext__plt5-large-poquad__inference", "dataset_name": "qa_nkjp", "dataset_version": "0.0.0", "embedding_name": "clarin-knext/plt5-large-poquad__inference", "hparams": {}, "packages": null, "config": null, "leaderboard_task_name": "Question Answering", "metrics": [{"exact": 60.79295154185022, "f1": 71.41802249429789, "HasAns_exact": 52.507836990595614, "HasAns_f1": 67.62941132417329, "NoAns_f1": 80.37037037037037}], "metrics_avg": {"exact": 60.79295154185022, "f1": 71.41802249429789, "HasAns_exact": 52.507836990595614, "HasAns_f1": 67.62941132417329, "NoAns_f1": 80.37037037037037}, "metrics_std": {"exact": 0.0, "f1": 0.0, "HasAns_exact": 0.0, "HasAns_f1": 0.0, "NoAns_f1": 0.0}, "averaged_over": 1}