{"submission_name": "qa_wikipedia_clarin-knext__plt5-large-poquad__inference", "dataset_name": "qa_wikipedia", "dataset_version": "0.0.0", "embedding_name": "clarin-knext/plt5-large-poquad__inference", "hparams": {}, "packages": null, "config": null, "leaderboard_task_name": "Question Answering", "metrics": [{"exact": 68.39536302623551, "f1": 71.55286144244504, "HasAns_exact": 35.2760736196319, "HasAns_f1": 51.15073590235388, "NoAns_f1": 76.61843107387662}], "metrics_avg": {"exact": 68.39536302623551, "f1": 71.55286144244504, "HasAns_exact": 35.2760736196319, "HasAns_f1": 51.15073590235388, "NoAns_f1": 76.61843107387662}, "metrics_std": {"exact": 0.0, "f1": 0.0, "HasAns_exact": 0.0, "HasAns_f1": 0.0, "NoAns_f1": 0.0}, "averaged_over": 1}