{
  "accuracy": 0.7573170731707317,
  "f1_macro": 0.7383632851951776,
  "f1_micro": 0.7573170731707317,
  "f1_weighted": 0.7531105273460682,
  "recall_macro": 0.7279708041839421,
  "recall_micro": 0.7573170731707317,
  "recall_weighted": 0.7573170731707317,
  "precision_macro": 0.7527270564328854,
  "precision_micro": 0.7573170731707317,
  "precision_weighted": 0.7526286151229844,
  "classes": {
    "0": {
      "precision": 0.9722222222222222,
      "recall": 0.8898305084745762,
      "f1": 0.9292035398230089,
      "support": 118
    },
    "1": {
      "precision": 0.7745358090185677,
      "recall": 0.8613569321533924,
      "f1": 0.8156424581005588,
      "support": 339
    },
    "2": {
      "precision": 0.746606334841629,
      "recall": 0.7268722466960352,
      "f1": 0.7366071428571428,
      "support": 227
    },
    "3": {
      "precision": 0.5175438596491229,
      "recall": 0.4338235294117647,
      "f1": 0.47200000000000003,
      "support": 136
    }
  },
  "data": {
    "y_pred": [
      1,
      3,
      2,
      2,
      3,
      0,
      0,
      0,
      1,
      3,
      1,
      0,
      2,
      2,
      2,
      1,
      1,
      1,
      1,
      1,
      1,
      2,
      2,
      3,
      1,
      2,
      1,
      1,
      1,
      1,
      1,
      1,
      2,
      1,
      1,
      3,
      2,
      3,
      1,
      1,
      2,
      1,
      1,
      3,
      0,
      1,
      1,
      0,
      1,
      1,
      2,
      0,
      2,
      2,
      1,
      2,
      2,
      1,
      2,
      2,
      2,
      3,
      3,
      2,
      0,
      1,
      0,
      1,
      0,
      2,
      2,
      1,
      2,
      1,
      1,
      2,
      1,
      2,
      2,
      0,
      2,
      3,
      1,
      1,
      1,
      2,
      1,
      1,
      3,
      1,
      0,
      1,
      2,
      3,
      1,
      1,
      2,
      1,
      3,
      2,
      3,
      0,
      1,
      1,
      2,
      3,
      2,
      2,
      2,
      3,
      1,
      1,
      1,
      3,
      1,
      0,
      2,
      1,
      0,
      3,
      0,
      2,
      3,
      1,
      2,
      1,
      1,
      2,
      2,
      0,
      2,
      2,
      1,
      1,
      0,
      2,
      1,
      2,
      1,
      0,
      2,
      1,
      1,
      3,
      1,
      2,
      1,
      0,
      1,
      1,
      1,
      0,
      1,
      1,
      1,
      1,
      2,
      2,
      2,
      1,
      0,
      3,
      1,
      1,
      1,
      3,
      3,
      0,
      1,
      1,
      1,
      1,
      1,
      2,
      1,
      1,
      3,
      0,
      1,
      1,
      1,
      1,
      0,
      1,
      2,
      1,
      1,
      1,
      2,
      3,
      1,
      1,
      2,
      2,
      1,
      1,
      2,
      1,
      0,
      2,
      2,
      1,
      1,
      0,
      1,
      1,
      2,
      3,
      0,
      2,
      0,
      0,
      1,
      1,
      0,
      1,
      1,
      2,
      1,
      1,
      1,
      1,
      1,
      2,
      1,
      2,
      1,
      1,
      1,
      3,
      1,
      2,
      2,
      3,
      1,
      1,
      3,
      2,
      1,
      1,
      2,
      3,
      2,
      1,
      3,
      3,
      1,
      1,
      3,
      2,
      2,
      2,
      2,
      3,
      1,
      2,
      3,
      0,
      2,
      2,
      3,
      0,
      1,
      1,
      1,
      3,
      0,
      1,
      1,
      2,
      1,
      1,
      0,
      1,
      3,
      2,
      1,
      1,
      1,
      1,
      1,
      3,
      1,
      3,
      1,
      3,
      0,
      3,
      2,
      1,
      2,
      2,
      1,
      3,
      2,
      2,
      1,
      1,
      2,
      3,
      1,
      0,
      2,
      1,
      2,
      1,
      2,
      3,
      3,
      3,
      1,
      0,
      1,
      0,
      1,
      0,
      3,
      0,
      3,
      0,
      2,
      1,
      1,
      3,
      1,
      1,
      1,
      2,
      2,
      0,
      1,
      1,
      3,
      0,
      2,
      0,
      1,
      3,
      2,
      0,
      2,
      1,
      3,
      1,
      1,
      2,
      1,
      1,
      2,
      1,
      2,
      2,
      1,
      0,
      2,
      1,
      1,
      0,
      1,
      1,
      1,
      3,
      2,
      3,
      2,
      1,
      1,
      1,
      2,
      1,
      3,
      2,
      0,
      3,
      2,
      1,
      2,
      1,
      2,
      1,
      2,
      2,
      1,
      3,
      1,
      2,
      2,
      1,
      0,
      3,
      1,
      1,
      0,
      1,
      1,
      0,
      2,
      3,
      0,
      0,
      0,
      2,
      3,
      1,
      1,
      3,
      3,
      2,
      1,
      3,
      1,
      1,
      1,
      1,
      1,
      3,
      0,
      1,
      2,
      3,
      2,
      1,
      3,
      2,
      2,
      1,
      1,
      1,
      0,
      1,
      3,
      0,
      1,
      1,
      1,
      2,
      1,
      2,
      2,
      0,
      1,
      0,
      1,
      2,
      1,
      1,
      2,
      2,
      1,
      1,
      1,
      3,
      1,
      1,
      1,
      1,
      0,
      1,
      3,
      3,
      1,
      2,
      1,
      3,
      1,
      3,
      1,
      2,
      2,
      0,
      0,
      2,
      2,
      0,
      1,
      2,
      2,
      1,
      3,
      2,
      3,
      1,
      1,
      1,
      1,
      2,
      0,
      3,
      0,
      1,
      1,
      0,
      2,
      1,
      3,
      1,
      1,
      1,
      0,
      1,
      1,
      2,
      1,
      2,
      2,
      1,
      0,
      1,
      2,
      0,
      3,
      2,
      0,
      0,
      1,
      2,
      1,
      3,
      1,
      2,
      3,
      2,
      2,
      0,
      3,
      1,
      2,
      1,
      2,
      2,
      1,
      2,
      1,
      1,
      0,
      2,
      1,
      1,
      1,
      1,
      2,
      1,
      2,
      1,
      2,
      3,
      1,
      2,
      2,
      2,
      1,
      2,
      1,
      0,
      2,
      2,
      1,
      1,
      0,
      1,
      2,
      1,
      0,
      1,
      2,
      1,
      3,
      1,
      1,
      2,
      1,
      1,
      0,
      1,
      2,
      1,
      1,
      3,
      2,
      0,
      2,
      1,
      3,
      1,
      1,
      2,
      1,
      2,
      1,
      2,
      3,
      1,
      2,
      1,
      1,
      1,
      0,
      0,
      0,
      3,
      1,
      2,
      1,
      1,
      1,
      0,
      2,
      1,
      2,
      0,
      1,
      3,
      2,
      1,
      3,
      2,
      2,
      2,
      3,
      2,
      2,
      1,
      1,
      2,
      1,
      1,
      2,
      1,
      1,
      0,
      1,
      3,
      1,
      0,
      1,
      1,
      3,
      3,
      1,
      0,
      2,
      2,
      3,
      2,
      1,
      1,
      2,
      1,
      2,
      1,
      1,
      0,
      1,
      1,
      1,
      2,
      3,
      2,
      2,
      1,
      2,
      0,
      2,
      1,
      1,
      1,
      1,
      3,
      2,
      1,
      1,
      1,
      1,
      1,
      2,
      1,
      0,
      2,
      1,
      2,
      1,
      1,
      2,
      3,
      1,
      1,
      1,
      2,
      1,
      2,
      0,
      1,
      0,
      1,
      2,
      1,
      2,
      1,
      1,
      1,
      1,
      2,
      0,
      1,
      2,
      1,
      1,
      1,
      2,
      1,
      3,
      2,
      1,
      1,
      0,
      0,
      3,
      2,
      1,
      1,
      2,
      1,
      0,
      3,
      1,
      2,
      1,
      1,
      3,
      1,
      1,
      3,
      0,
      1,
      1,
      3,
      1,
      0,
      3,
      2,
      1,
      1,
      3,
      2,
      2,
      1,
      1,
      1,
      1,
      3,
      1,
      0,
      2,
      0,
      1,
      2,
      2,
      1,
      1,
      1,
      0,
      1,
      1,
      0,
      2,
      0,
      3,
      1,
      1,
      2,
      1,
      1,
      1,
      1,
      3,
      1,
