{
  "accuracy": 0.6292682926829268,
  "f1_macro": 0.538089503921292,
  "f1_micro": 0.6292682926829268,
  "f1_weighted": 0.5821659059932924,
  "recall_macro": 0.5331545169631904,
  "recall_micro": 0.6292682926829268,
  "recall_weighted": 0.6292682926829268,
  "precision_macro": 0.6747768805779856,
  "precision_micro": 0.6292682926829268,
  "precision_weighted": 0.6410225313472854,
  "classes": {
    "0": {
      "precision": 1.0,
      "recall": 0.6101694915254238,
      "f1": 0.7578947368421053,
      "support": 118
    },
    "1": {
      "precision": 0.570902394106814,
      "recall": 0.9144542772861357,
      "f1": 0.7029478458049886,
      "support": 339
    },
    "2": {
      "precision": 0.6666666666666666,
      "recall": 0.5638766519823789,
      "f1": 0.6109785202863962,
      "support": 227
    },
    "3": {
      "precision": 0.46153846153846156,
      "recall": 0.04411764705882353,
      "f1": 0.08053691275167787,
      "support": 136
    }
  },
  "data": {
    "y_pred": [
      1,
      2,
      2,
      2,
      3,
      0,
      0,
      0,
      1,
      1,
      1,
      1,
      2,
      1,
      1,
      1,
      1,
      1,
      1,
      1,
      1,
      2,
      2,
      1,
      1,
      2,
      1,
      1,
      1,
      1,
      1,
      1,
      2,
      2,
      1,
      1,
      1,
      1,
      1,
      1,
      2,
      1,
      2,
      2,
      1,
      1,
      1,
      0,
      1,
      1,
      2,
      0,
      1,
      2,
      1,
      2,
      2,
      1,
      1,
      1,
      0,
      1,
      2,
      1,
      0,
      1,
      1,
      1,
      2,
      2,
      2,
      1,
      2,
      1,
      1,
      1,
      1,
      2,
      2,
      0,
      1,
      2,
      2,
      1,
      1,
      1,
      1,
      2,
      1,
      1,
      1,
      1,
      1,
      2,
      1,
      1,
      2,
      1,
      2,
      2,
      1,
      0,
      1,
      1,
      2,
      1,
      1,
      3,
      2,
      1,
      1,
      1,
      1,
      1,
      1,
      0,
      1,
      1,
      0,
      2,
      1,
      1,
      1,
      1,
      1,
      1,
      1,
      1,
      2,
      0,
      1,
      1,
      1,
      1,
      2,
      2,
      1,
      2,
      1,
      0,
      2,
      1,
      1,
      1,
      1,
      2,
      1,
      1,
      1,
      1,
      1,
      0,
      1,
      1,
      1,
      2,
      2,
      2,
      2,
      1,
      0,
      1,
      1,
      1,
      1,
      2,
      1,
      0,
      1,
      3,
      1,
      2,
      1,
      2,
      1,
      1,
      1,
      1,
      1,
      1,
      2,
      1,
      0,
      1,
      2,
      1,
      1,
      2,
      2,
      1,
      1,
      3,
      1,
      2,
      1,
      1,
      2,
      1,
      0,
      1,
      1,
      1,
      1,
      0,
      1,
      1,
      1,
      3,
      0,
      1,
      1,
      0,
      1,
      2,
      0,
      1,
      1,
      1,
      2,
      1,
      1,
      1,
      1,
      1,
      1,
      2,
      2,
      1,
      1,
      2,
      1,
      2,
      2,
      2,
      1,
      2,
      1,
      1,
      1,
      2,
      1,
      2,
      1,
      1,
      1,
      2,
      1,
      1,
      2,
      1,
      2,
      2,
      2,
      1,
      1,
      2,
      1,
      0,
      2,
      2,
      1,
      0,
      1,
      1,
      1,
      1,
      0,
      1,
      1,
      2,
      2,
      1,
      0,
      1,
      2,
      1,
      2,
      1,
      1,
      1,
      1,
      1,
      1,
      2,
      1,
      1,
      0,
      1,
      1,
      1,
      2,
      2,
      1,
      1,
      2,
      1,
      1,
      1,
      1,
      2,
      2,
      0,
      2,
      1,
      2,
      1,
      1,
      1,
      1,
      2,
      1,
      1,
      1,
      0,
      1,
      1,
      1,
      1,
      2,
      0,
      1,
      1,
      2,
      1,
      1,
      1,
      1,
      1,
      2,
      0,
      1,
      1,
      1,
      1,
      1,
      1,
      1,
      2,
      2,
      0,
      1,
      2,
      1,
      2,
      1,
      2,
      1,
      1,
      2,
      1,
      1,
      1,
      1,
      0,
      1,
      1,
      1,
      1,
      1,
      1,
      1,
      1,
      1,
      1,
      2,
      1,
      1,
      1,
      1,
      1,
      2,
      1,
      0,
      1,
      2,
      1,
      1,
      2,
      2,
      1,
      1,
      2,
      1,
      1,
      1,
      1,
      2,
      2,
      0,
      1,
      1,
      1,
      0,
      2,
      1,
      0,
      1,
      2,
      0,
      0,
      2,
      2,
      1,
      1,
      1,
      1,
      1,
      1,
      1,
      1,
      1,
      1,
      1,
      1,
      1,
      1,
      0,
      1,
      2,
      1,
      1,
      1,
      2,
      1,
      1,
      1,
      1,
      1,
      0,
      1,
      1,
      0,
      1,
      1,
      1,
      2,
      1,
      2,
      1,
      1,
      2,
      2,
      1,
      1,
      1,
      1,
      1,
      1,
      1,
      1,
      1,
      1,
      1,
      1,
      1,
      1,
      2,
      1,
      1,
      2,
      1,
      2,
      1,
      2,
      1,
      2,
      1,
      2,
      1,
      1,
      0,
      1,
      2,
      0,
      1,
      1,
      1,
      1,
      2,
      1,
      1,
      1,
      1,
      1,
      1,
      1,
      0,
      1,
      1,
      1,
      1,
      0,
      2,
      1,
      1,
      1,
      1,
      1,
      1,
      1,
      1,
      1,
      1,
      1,
      3,
      1,
      1,
      2,
      2,
      0,
      2,
      2,
      0,
      0,
      1,
      2,
      1,
      1,
      1,
      1,
      1,
      2,
      1,
      0,
      1,
      1,
      2,
      1,
      3,
      2,
      1,
      2,
      1,
      1,
      0,
      1,
      1,
      1,
      1,
      1,
      3,
      1,
      1,
      1,
      2,
      3,
      1,
      1,
      0,
      1,
      1,
      2,
      1,
      1,
      2,
      1,
      1,
      1,
      1,
      1,
      1,
      2,
      3,
      1,
      2,
      1,
      1,
      1,
      1,
      2,
      1,
      1,
      1,
      1,
      0,
      1,
      1,
      1,
      2,
      0,
      2,
      1,
      2,
      1,
      1,
      2,
      1,
      2,
      1,
      2,
      1,
      1,
      2,
      1,
      2,
      1,
      1,
      0,
      1,
      1,
      1,
      2,
      1,
      1,
      2,
      1,
      1,
      1,
      2,
      2,
      3,
      1,
      2,
      1,
      1,
      1,
      1,
      1,
      1,
      2,
      1,
      1,
      1,
      1,
      1,
      1,
      1,
      1,
      1,
      0,
      1,
      1,
      2,
      0,
      1,
      1,
      2,
      1,
      1,
      2,
      1,
      1,
      1,
      2,
      1,
      1,
      2,
      1,
      1,
      1,
      1,
      0,
      2,
      1,
      1,
      1,
      1,
      1,
      1,
      1,
      2,
      0,
      2,
      1,
      3,
      1,
      1,
      1,
      2,
      1,
      1,
      1,
      1,
      1,
      1,
      2,
      1,
      1,
      1,
      2,
      2,
      1,
      2,
      1,
      1,
      1,
      1,
      1,
      1,
      2,
      0,
      1,
      0,
      1,
      2,
      3,
      2,
      1,
      2,
      1,
      1,
      2,
      1,
      1,
      2,
      1,
      1,
      1,
      1,
      1,
      1,
      1,
      1,
      1,
      0,
      0,
      1,
      1,
      1,
      2,
      1,
      1,
      1,
      2,
      1,
      2,
      1,
      1,
      2,
      1,
      1,
      1,
      1,
      1,
      1,
      1,
      1,
      0,
      1,
      1,
      1,
      1,
      1,
      1,
      2,
      1,
      1,
      1,
      1,
      1,
      1,
      0,
      2,
      0,
      1,
      1,
      1,
      1,
      1,
      1,
      0,
      1,
      1,
      1,
      2,
      0,
      1,
      1,
      1,
      2,
      1,
      1,
      2,
      1,
      1,
      1,
      2,
