{
  "accuracy": {
    "accuracy": 0.6292682926829268
  },
  "f1__average_macro": {
    "f1": 0.538089503921292
  },
  "recall__average_macro": {
    "recall": 0.5331545169631904
  },
  "precision__average_macro": {
    "precision": 0.6747768805779856
  },
  "data": {
    "y_pred": [
      1,
      2,
      2,
      2,
      3,
      0,
      0,
      0,
      1,
      1,
      1,
      1,
      2,
      1,
      1,
      1,
      1,
      1,
      1,
      1,
      1,
      2,
      2,
      1,
      1,
      2,
      1,
      1,
      1,
      1,
      1,
      1,
      2,
      2,
      1,
      1,
      1,
      1,
      1,
      1,
      2,
      1,
      2,
      2,
      1,
      1,
      1,
      0,
      1,
      1,
      2,
      0,
      1,
      2,
      1,
      2,
      2,
      1,
      1,
      1,
      0,
      1,
      2,
      1,
      0,
      1,
      1,
      1,
      2,
      2,
      2,
      1,
      2,
      1,
      1,
      1,
      1,
      2,
      2,
      0,
      1,
      2,
      2,
      1,
      1,
      1,
      1,
      2,
      1,
      1,
      1,
      1,
      1,
      2,
      1,
      1,
      2,
      1,
      2,
      2,
      1,
      0,
      1,
      1,
      2,
      1,
      1,
      3,
      2,
      1,
      1,
      1,
      1,
      1,
      1,
      0,
      1,
      1,
      0,
      2,
      1,
      1,
      1,
      1,
      1,
      1,
      1,
      1,
      2,
      0,
      1,
      1,
      1,
      1,
      2,
      2,
      1,
      2,
      1,
      0,
      2,
      1,
      1,
      1,
      1,
      2,
      1,
      1,
      1,
      1,
      1,
      0,
      1,
      1,
      1,
      2,
      2,
      2,
      2,
      1,
      0,
      1,
      1,
      1,
      1,
      2,
      1,
      0,
      1,
      3,
      1,
      2,
      1,
      2,
      1,
      1,
      1,
      1,
      1,
      1,
      2,
      1,
      0,
      1,
      2,
      1,
      1,
      2,
      2,
      1,
      1,
      3,
      1,
      2,
      1,
      1,
      2,
      1,
      0,
      1,
      1,
      1,
      1,
      0,
      1,
      1,
      1,
      3,
      0,
      1,
      1,
      0,
      1,
      2,
      0,
      1,
      1,
      1,
      2,
      1,
      1,
      1,
      1,
      1,
      1,
      2,
      2,
      1,
      1,
      2,
      1,
      2,
      2,
      2,
      1,
      2,
      1,
      1,
      1,
      2,
      1,
      2,
      1,
      1,
      1,
      2,
      1,
      1,
      2,
      1,
      2,
      2,
      2,
      1,
      1,
      2,
      1,
      0,
      2,
      2,
      1,
      0,
      1,
      1,
      1,
      1,
      0,
      1,
      1,
      2,
      2,
      1,
      0,
      1,
      2,
      1,
      2,
      1,
      1,
      1,
      1,
      1,
      1,
      2,
      1,
      1,
      0,
      1,
      1,
      1,
      2,
      2,
      1,
      1,
      2,
      1,
      1,
      1,
      1,
      2,
      2,
      0,
      2,
      1,
      2,
      1,
      1,
      1,
      1,
      2,
      1,
      1,
      1,
      0,
      1,
      1,
      1,
      1,
      2,
      0,
      1,
      1,
      2,
      1,
      1,
      1,
      1,
      1,
      2,
      0,
      1,
      1,
      1,
      1,
      1,
      1,
      1,
      2,
      2,
      0,
      1,
      2,
      1,
      2,
      1,
      2,
      1,
      1,
      2,
      1,
      1,
      1,
      1,
      0,
      1,
      1,
      1,
      1,
      1,
      1,
      1,
      1,
      1,
      1,
      2,
      1,
      1,
      1,
      1,
      1,
      2,
      1,
      0,
      1,
      2,
      1,
      1,
      2,
      2,
      1,
      1,
      2,
      1,
      1,
      1,
      1,
      2,
      2,
      0,
      1,
      1,
      1,
      0,
      2,
      1,
      0,
      1,
      2,
      0,
      0,
      2,
      2,
      1,
      1,
      1,
      1,
      1,
      1,
      1,
      1,
      1,
      1,
      1,
      1,
      1,
      1,
      0,
      1,
      2,
      1,
      1,
      1,
      2,
      1,
      1,
      1,
      1,
      1,
      0,
      1,
      1,
      0,
      1,
      1,
      1,
      2,
      1,
      2,
      1,
      1,
      2,
      2,
      1,
      1,
      1,
      1,
      1,
      1,
      1,
      1,
      1,
      1,
      1,
      1,
      1,
      1,
      2,
      1,
      1,
      2,
      1,
      2,
      1,
      2,
      1,
      2,
      1,
      2,
      1,
      1,
      0,
      1,
      2,
      0,
      1,
      1,
      1,
      1,
      2,
      1,
      1,
      1,
      1,
      1,
      1,
      1,
      0,
      1,
      1,
      1,
      1,
      0,
      2,
      1,
      1,
      1,
      1,
      1,
      1,
      1,
      1,
      1,
      1,
      1,
      3,
      1,
      1,
      2,
      2,
      0,
      2,
      2,
      0,
      0,
      1,
      2,
      1,
      1,
      1,
      1,
      1,
      2,
      1,
      0,
      1,
      1,
      2,
      1,
      3,
      2,
      1,
      2,
      1,
      1,
      0,
      1,
      1,
      1,
      1,
      1,
      3,
      1,
      1,
      1,
      2,
      3,
      1,
      1,
      0,
      1,
      1,
      2,
      1,
      1,
      2,
      1,
      1,
      1,
      1,
      1,
      1,
      2,
      3,
      1,
      2,
      1,
      1,
      1,
      1,
      2,
      1,
      1,
      1,
      1,
      0,
      1,
      1,
      1,
      2,
      0,
      2,
      1,
      2,
      1,
      1,
      2,
      1,
      2,
      1,
      2,
      1,
      1,
      2,
      1,
      2,
      1,
      1,
      0,
      1,
      1,
      1,
      2,
      1,
      1,
      2,
      1,
      1,
      1,
      2,
      2,
      3,
      1,
      2,
      1,
      1,
      1,
      1,
      1,
      1,
      2,
      1,
      1,
      1,
      1,
      1,
      1,
      1,
      1,
      1,
      0,
      1,
      1,
      2,
      0,
      1,
      1,
      2,
      1,
      1,
      2,
      1,
      1,
      1,
      2,
      1,
      1,
      2,
      1,
      1,
      1,
      1,
      0,
      2,
      1,
      1,
      1,
      1,
      1,
      1,
      1,
      2,
      0,
      2,
      1,
      3,
      1,
      1,
      1,
      2,
      1,
      1,
      1,
      1,
      1,
      1,
      2,
      1,
      1,
      1,
      2,
      2,
      1,
      2,
      1,
      1,
      1,
      1,
      1,
      1,
      2,
      0,
      1,
      0,
      1,
      2,
      3,
      2,
      1,
      2,
      1,
      1,
      2,
      1,
      1,
      2,
      1,
      1,
      1,
      1,
      1,
      1,
      1,
      1,
      1,
      0,
      0,
      1,
      1,
      1,
      2,
      1,
      1,
      1,
      2,
      1,
      2,
      1,
      1,
      2,
      1,
      1,
      1,
      1,
      1,
      1,
      1,
      1,
      0,
      1,
      1,
      1,
      1,
      1,
      1,
      2,
      1,
      1,
      1,
      1,
      1,
      1,
      0,
      2,
      0,
      1,
      1,
      1,
      1,
      1,
      1,
      0,
      1,
      1,
      1,
      2,
      0,
      1,
      1,
      1,
      2,
      1,
      1,
      2,
      1,
      1,
      1,
      2,
      2,
      1,
      1,
      1,
      1,
      2,
      1,
      1,
      1,
      2,
      1,
      1,
      0,
      2,
      2,
      2,
      2,
      1,
      1,
      1,
      2,
      1,
      1,
      2,
      2,
      1,
      1,
      1,
      1,
      2,
      1,
      1,
      0,
      0,
      1,
      1,
      2,
      1,
      0,
      1,
      1,
      2,
      2
    ],