{
  "accuracy": {
    "accuracy": 0.6792682926829269
  },
  "f1__average_macro": {
    "f1": 0.6650572917071165
  },
  "recall__average_macro": {
    "recall": 0.6657629993435544
  },
  "precision__average_macro": {
    "precision": 0.6650214067253306
  },
  "data": {
    "y_pred": [
      1,
      3,
      2,
      2,
      2,
      0,
      0,
      0,
      1,
      3,
      1,
      0,
      2,
      2,
      2,
      1,
      1,
      1,
      1,
      3,
      3,
      2,
      2,
      1,
      2,
      2,
      1,
      1,
      1,
      1,
      1,
      2,
      2,
      1,
      3,
      3,
      2,
      2,
      1,
      1,
      2,
      3,
      1,
      2,
      0,
      1,
      1,
      0,
      2,
      1,
      2,
      0,
      1,
      3,
      1,
      2,
      0,
      1,
      2,
      2,
      2,
      2,
      3,
      1,
      0,
      3,
      0,
      1,
      0,
      2,
      2,
      1,
      1,
      1,
      1,
      2,
      1,
      2,
      1,
      0,
      3,
      1,
      1,
      1,
      1,
      2,
      1,
      3,
      3,
      1,
      0,
      3,
      2,
      3,
      1,
      1,
      3,
      3,
      1,
      2,
      2,
      0,
      1,
      1,
      1,
      0,
      2,
      2,
      2,
      1,
      3,
      1,
      1,
      1,
      1,
      0,
      2,
      1,
      0,
      3,
      0,
      2,
      0,
      1,
      1,
      1,
      1,
      1,
      2,
      0,
      2,
      2,
      1,
      1,
      0,
      2,
      1,
      2,
      1,
      0,
      2,
      1,
      3,
      1,
      1,
      2,
      1,
      0,
      2,
      1,
      1,
      0,
      1,
      1,
      1,
      1,
      0,
      2,
      2,
      2,
      0,
      3,
      1,
      1,
      1,
      2,
      2,
      0,
      1,
      2,
      3,
      1,
      3,
      1,
      1,
      1,
      3,
      0,
      2,
      1,
      1,
      1,
      0,
      2,
      2,
      1,
      1,
      1,
      1,
      3,
      1,
      1,
      2,
      2,
      1,
      1,
      2,
      1,
      0,
      1,
      2,
      1,
      1,
      0,
      1,
      1,
      2,
      1,
      0,
      2,
      0,
      0,
      1,
      1,
      0,
      1,
      1,
      2,
      1,
      1,
      1,
      1,
      1,
      2,
      1,
      2,
      1,
      2,
      1,
      3,
      1,
      3,
      2,
      2,
      1,
      1,
      3,
      2,
      1,
      3,
      2,
      2,
      2,
      1,
      3,
      3,
      0,
      3,
      3,
      2,
      2,
      2,
      2,
      3,
      1,
      2,
      3,
      0,
      2,
      2,
      3,
      0,
      1,
      1,
      1,
      1,
      0,
      1,
      1,
      2,
      1,
      2,
      0,
      1,
      3,
      1,
      1,
      1,
      1,
      3,
      1,
      1,
      3,
      2,
      1,
      1,
      0,
      3,
      2,
      1,
      2,
      2,
      1,
      3,
      2,
      3,
      1,
      1,
      3,
      3,
      2,
      0,
      2,
      2,
      2,
      1,
      2,
      2,
      3,
      3,
      1,
      0,
      1,
      0,
      3,
      1,
      3,
      0,
      3,
      0,
      1,
      1,
      1,
      3,
      1,
      1,
      1,
      2,
      2,
      0,
      1,
      1,
      3,
      0,
      2,
      0,
      3,
      3,
      2,
      0,
      0,
      1,
      3,
      3,
      1,
      2,
      1,
      3,
      2,
      3,
      2,
      2,
      1,
      0,
      2,
      1,
      1,
      0,
      1,
      2,
      2,
      2,
      2,
      3,
      2,
      1,
      1,
      1,
      2,
      1,
      1,
      0,
      0,
      2,
      2,
      1,
      1,
      1,
      2,
      1,
      2,
      2,
      1,
      3,
      3,
      2,
      2,
      1,
      0,
      3,
      2,
      1,
      0,
      2,
      2,
      0,
      2,
      3,
      0,
      0,
      0,
      2,
      1,
      1,
      1,
      3,
      1,
      2,
      1,
      2,
      1,
      1,
      1,
      2,
      1,
      2,
      0,
      1,
      2,
      3,
      2,
      3,
      3,
      2,
      2,
      1,
      2,
      1,
      0,
      1,
      3,
      0,
      1,
      1,
      1,
      3,
      1,
      2,
      2,
      0,
      1,
      0,
      1,
      2,
      1,
      1,
      2,
      2,
      1,
      1,
      1,
      2,
      1,
      1,
      1,
      2,
      0,
      1,
      1,
      2,
      1,
      2,
      3,
      2,
      1,
      3,
      1,
      2,
      2,
      0,
      0,
      2,
      3,
      0,
      1,
      2,
      2,
      1,
      3,
      3,
      2,
      1,
      1,
      1,
      1,
      2,
      0,
      3,
      0,
      1,
      1,
      0,
      3,
      1,
      1,
      1,
      1,
      1,
      0,
      1,
      3,
      2,
      2,
      2,
      3,
      1,
      0,
      2,
      3,
      0,
      3,
      2,
      0,
      0,
      1,
      2,
      3,
      3,
      1,
      2,
      2,
      2,
      2,
      0,
      3,
      1,
      1,
      1,
      3,
      2,
      1,
      2,
      1,
      1,
      0,
      0,
      1,
      1,
      1,
      1,
      2,
      3,
      2,
      1,
      2,
      2,
      1,
      2,
      3,
      2,
      1,
      2,
      3,
      1,
      2,
      3,
      1,
      1,
      0,
      1,
      2,
      1,
      0,
      1,
      2,
      3,
      3,
      1,
      1,
      3,
      1,
      1,
      0,
      3,
      3,
      3,
      1,
      3,
      2,
      0,
      3,
      1,
      3,
      1,
      1,
      2,
      1,
      2,
      1,
      3,
      0,
      1,
      2,
      1,
      1,
      1,
      0,
      0,
      0,
      2,
      1,
      2,
      2,
      1,
      2,
      0,
      2,
      1,
      2,
      0,
      3,
      1,
      2,
      1,
      2,
      2,
      2,
      2,
      3,
      2,
      2,
      1,
      1,
      2,
      1,
      1,
      2,
      1,
      2,
      0,
      1,
      2,
      1,
      0,
      1,
      1,
      3,
      1,
      1,
      0,
      2,
      2,
      3,
      2,
      1,
      1,
      2,
      1,
      2,
      1,
      1,
      0,
      1,
      0,
      1,
      2,
      3,
      2,
      2,
      1,
      1,
      0,
      2,
      3,
      1,
      0,
      1,
      3,
      0,
      3,
      1,
      1,
      1,
      1,
      2,
      1,
      0,
      2,
      1,
      2,
      1,
      1,
      2,
      3,
      1,
      1,
      1,
      2,
      1,
      2,
      0,
      1,
      0,
      1,
      1,
      1,
      2,
      1,
      1,
      1,
      1,
      2,
      0,
      1,
      2,
      1,
      2,
      2,
      2,
      1,
      1,
      1,
      1,
      1,
      0,
      0,
      3,
      1,
      3,
      1,
      1,
      3,
      0,
      2,
      2,
      2,
      1,
      1,
      1,
      1,
      1,
      3,
      0,
      1,
      1,
      1,
      1,
      0,
      1,
      2,
      1,
      1,
      1,
      2,
      2,
      1,
      1,
      2,
      1,
      1,
      1,
      0,
      2,
      0,
      1,
      1,
      1,
      1,
      1,
      1,
      0,
      1,
      2,
      0,
      2,
      0,
      3,
      1,
      3,
      2,
      1,
      1,
      1,
      3,
      3,
      3,
      3,
      3,
      1,
      3,
      3,
      1,
      0,
      1,
      2,
      3,
      2,
      0,
      2,
      0,
      2,
      2,
      2,
      3,
      1,
      2,
      1,
      2,
      1,
      1,
      2,
      0,
      3,
      2,
      1,
      1,
      1,
      2,
      2,
      0,
      0,
      2,
      1,
      2,
      1,
      0,
      1,
      1,
      2,
      1
    ],